cluster,count,count_initial_test,count_official_val,mean,std,p01,p05,p25,p50,p75,p95,p99,contrast_95_05,entropy,edge_mean,edge_std,edge_p95,lap_var,fft_high_ratio,gx_abs_mean,gy_abs_mean,grad_anisotropy
0,62,24,38,0.488568831355341,0.26539644863336315,0.015812777050380266,0.03687223364569008,0.2941176555149497,0.5189120985807911,0.6875395505659042,0.8927261291011688,0.9648323866628832,0.8558538954554786,7.36002317977026,0.30654539654572166,0.4706577230845728,1.3116896330348906,0.31262406748869725,0.06209522008147945,0.18343976152039343,0.19218741946162715,0.08886234780208045
1,32,15,17,0.4249306106939912,0.26265010982751846,0.002941176513559185,0.03578431475034449,0.18688726122491062,0.434803927782923,0.617555167991668,0.8642156943678856,0.9547561301477251,0.8284313796175411,7.59675066071691,0.47728660609573126,0.6320061283186078,1.8766452185809612,0.7080832757055759,0.14202703295166047,0.28363982355222106,0.2968471762724221,0.0867054419178494
2,42,22,20,0.3929242222082047,0.14446603755156198,0.10302334532762568,0.18487395417122615,0.2937441727235204,0.38506069992269787,0.4787114972159976,0.6390289628789538,0.7345471680164337,0.4541550087077277,6.758578339468429,0.12727404793813116,0.21353072726300784,0.5068210611740748,0.04782791383608821,0.04219495143522992,0.07411741061757009,0.08050184204642262,0.18168299915799738
3,3,1,2,0.5235637227694193,0.31700844566027325,0.0,0.007843137408296267,0.2509804020325343,0.5385621190071106,0.8026143908500671,0.9921568632125854,1.0,0.9843137258042892,7.662911047862287,1.0000451803207397,0.9621046980222067,3.0041233698527017,2.094525376955668,0.21832315733978777,0.448816974957784,0.7363542318344116,0.28115609185682494
4,81,38,43,0.3754484200919116,0.1953606668077869,0.03544856078301867,0.08772694458035224,0.22754781555246423,0.37051562155470436,0.5036553045113882,0.710917470631776,0.853004608132221,0.6231905260514238,7.31576446035948,0.26127918368136444,0.40876665784988875,1.1020863262223608,0.24611951157818607,0.08271331209416824,0.13718017655206316,0.17959436654676625,0.18953462852962374
