cluster,count,count_initial_test,count_official_val,mean,std,p01,p05,p25,p50,p75,p95,p99,contrast_95_05,entropy,edge_mean,edge_std,edge_p95,lap_var,fft_high_ratio,gx_abs_mean,gy_abs_mean,grad_anisotropy
0,69,27,42,0.4835638658723969,0.26254183377908624,0.01653878982651277,0.039894857429021956,0.2916169449740994,0.5103154476138129,0.6786587285822716,0.8883205522661624,0.9650468904039134,0.8484256948371404,7.372892692787401,0.30803576959432033,0.47156814820524573,1.3182842269323873,0.3123413467428822,0.06317413624476426,0.18448770661716876,0.19255155659672143,0.0858677080611738
1,54,25,29,0.40136825210518307,0.23617514029697137,0.012200435994330931,0.052505447917307414,0.20094408770954167,0.40486565563413834,0.5658133832944764,0.8036310937669542,0.9237334831224546,0.7511256458496468,7.5113982183559775,0.415254216503214,0.5627519896736851,1.6476046619591889,0.5582631114456389,0.12905621755449231,0.23475515552692944,0.2696785021711279,0.1441104184956694
2,94,47,47,0.3804616392292875,0.16896092352714945,0.06885982671296818,0.13525240206496514,0.25544431250780186,0.3744263750441531,0.4884021818003756,0.667417623578234,0.7855990949653564,0.5321652215132688,7.037335853637611,0.1820203625458352,0.3037931393594184,0.765964019488781,0.13072392428194748,0.05892216798490243,0.09859398893140098,0.12227929979959067,0.1868105970813664
3,3,1,2,0.5235637227694193,0.31700844566027325,0.0,0.007843137408296267,0.2509804020325343,0.5385621190071106,0.8026143908500671,0.9921568632125854,1.0,0.9843137258042892,7.662911047862287,1.0000451803207397,0.9621046980222067,3.0041233698527017,2.094525376955668,0.21832315733978777,0.448816974957784,0.7363542318344116,0.28115609185682494
