cluster,count,count_initial_test,count_official_val,mean,std,p01,p05,p25,p50,p75,p95,p99,contrast_95_05,entropy,edge_mean,edge_std,edge_p95,lap_var,fft_high_ratio,gx_abs_mean,gy_abs_mean,grad_anisotropy
0,74,31,43,0.47181656996946075,0.2532207345640337,0.01939586691583532,0.04912559725218327,0.28468469230810534,0.4930577781554815,0.6588765435122155,0.8661367329391273,0.9558028643195694,0.8170111356869441,7.399854352227572,0.3032254208684773,0.4588978773838765,1.2833339269902255,0.2838991111698183,0.06408037164888483,0.17537747766520526,0.19641494640224688,0.10647395606318968
1,39,18,21,0.43854806896967763,0.27043259411286086,0.0017094017388537908,0.028954249278952703,0.20281549237477473,0.4512820614454074,0.639944714995531,0.8829562664031982,0.9624746125936507,0.8540020171242455,7.568631876268862,0.514054115001972,0.6574851136941177,1.9556885468654144,0.8187278295174624,0.14379352340301418,0.2951789356959172,0.32690473053699887,0.0972971271021151
2,107,51,56,0.3771595957680283,0.1721214086652916,0.06327909283322569,0.12673630502736458,0.2501007952144213,0.37196262542889497,0.4858347208143395,0.671724408864975,0.7948620243217343,0.5449881038376104,7.066145212521027,0.19907900732811365,0.32494688319547155,0.8383802562673516,0.1619669755041669,0.06702625697847175,0.10776452523455998,0.13334600817168427,0.19099848738829467
